---
---
<?xml version="1.0" encoding="utf-8"?>
<feed xmlns="http://www.w3.org/2005/Atom">

 <title>{{ site.data.global.title | xml_escape }}</title>
 <link href="{{ site.data.global.url }}/atom.xml" rel="self"/>
 <link href="{{ site.data.global.url }}/"/>
 <updated>{{ site.time | date_to_xmlschema }}</updated>
 <id>{{ site.data.global.url }}</id>
 <author>
   <name>{{ site.data.global.admin_name }}</name>
   <email>{{ site.data.global.admin_email }}</email>
 </author>

 {% for post in site.posts %}
 <entry>
   <title>{{ post.title }}</title>
   <link href="{{ site.data.global.url }}{{ post.url }}"/>
   <updated>{{ post.date | date_to_xmlschema }}</updated>
   <id>{{ site.data.global.url }}{{ post.id }}</id>
   <content type="html">{{ post.content | xml_escape }}</content>
 </entry>
 {% endfor %}

</feed>